Country Code,Country Name,Year,Unemployment Rate,Mean Years of Schooling,Minimum Wage (PPP),GDP (PPP),Inflation Rate - CPI (%),FDI (USD),Labor force participation rate (%),Population growth (%),"Employment rate, male (%)"
AFG,Afghanistan,2015,9.052,2.124310017,305.881,77274315044,4.635331224,,52.465,3.119959241,28.15352635
AFG,Afghanistan,2016,10.133,2.268591682,307.848,76798750471,-0.729628301,,52.512,2.535719918,27.86484617
AFG,Afghanistan,2017,11.184,2.412873348,341.794,83362066704,4.977829854,,52.54,2.808337308,28.07017868
AFG,Afghanistan,2018,11.196,2.557155013,353.611,89369237678,0.629123514,,49.57,2.910809599,28.07792662
AFG,Afghanistan,2019,11.185,2.701436679,357.631,97800733345,2.30406072,,46.615,2.984389136,28.25416581
AFG,Afghanistan,2020,11.71,2.845718344,348.384,1.00E+11,5.6,,46.385,3.153609203,28.66329116
AFG,Afghanistan,2021,11.994,2.99000001,343.97,85767546198,7.762428421,,45.587,2.356097792,29.03075074
AFG,Afghanistan,2022,14.1,2.514790058,326.7,86148711749,10.59997847,,36.823,1.43570437,29.2126435
AFG,Afghanistan,2023,13.991,2.514790058,356.716,91271896894,-7.7,,36.797,2.13559385,29.20964852
AFG,Afghanistan,2024,13.295,,393.193,,-4.3,,36.66,2.836573172,
ARM,Armenia,2015,18.261,11.56999969,296.961,29315404013,3.681233078,26.163886,66.135,-0.305729336,25.03137238
ARM,Armenia,2016,17.617,11.68974018,317.865,31629425029,-1.369864283,7.323664,65.979,-0.410212518,25.34392422
ARM,Armenia,2017,17.704,11.18999958,330.372,35949453239,0.996245365,6.007816,65.861,-0.43203845,25.69444681
ARM,Armenia,2018,18.966,11.23666636,330.986,38233278957,2.469105228,5.173045,65.744,-0.349674218,25.68558619
ARM,Armenia,2019,18.304,11.28333314,338.291,44365671088,1.420053712,2.335329,66.589,-0.219168932,24.99727018
ARM,Armenia,2020,18.175,11.32999992,429.353,43552758697,1.2,0.498918,66.689,-0.033760973,21.17468623
ARM,Armenia,2021,15.469,11.34497821,414.062,47164867557,7.199999996,6.322007,68.037,0.02700969,23.64465696
ARM,Armenia,2022,13.379,11.34497821,411.63,56893939957,8.599999999,0.122097,66.664,0.232656263,23.65376736
ARM,Armenia,2023,13.245,11.34497821,463.513,63833326718,2,,66.765,-0.165163937,23.97119063
ARM,Armenia,2024,13.329,,475.902,69234115091,0.3,,66.379,2.307615151,
AZE,Azerbaijan,2015,4.96,10.56999969,294.394,1.45E+11,4.010955031,,70.306,1.191209858,22.28714419
AZE,Azerbaijan,2016,5,10.64999962,254.292,1.42E+11,12.45222,,70.677,1.11785721,22.59992309
AZE,Azerbaijan,2017,5,10.64000034,240.807,1.41E+11,12.94783,,70.488,0.981261805,22.40323288
AZE,Azerbaijan,2018,4.9,10.64000034,269.314,1.52E+11,2.33417,,70.396,0.866316916,22.40284432
AZE,Azerbaijan,2019,5,10.64000034,526.88,1.67E+11,2.69715,,70.048,0.846646726,22.4314754
AZE,Azerbaijan,2020,7.24,10.74750018,532.462,1.53E+11,2.82452,,71.682,0.684365325,22.53520898
AZE,Azerbaijan,2021,6.04,10.85500002,517.859,2.04E+11,6.65,,66.765,0.441197736,23.11861251
AZE,Azerbaijan,2022,5.65,10.96249986,589.504,2.29E+11,13.8,,69.048,0.039507866,23.06217435
AZE,Azerbaijan,2023,5.636,11.06999969,648.832,2.40E+11,9,,68.452,0.12024215,23.01678031
AZE,Azerbaijan,2024,5.594,,653.513,2.56E+11,2.1,,67.813,0.480155257,
BGD,Bangladesh,2015,4.396,5.989999771,54.457,6.71E+11,6.405418858,24.72,62.911,0.893819378,21.34129775
BGD,Bangladesh,2016,4.35,6.110000134,53.444,7.36E+11,5.916248148,40.796499,63.309,0.892432416,22.31264936
BGD,Bangladesh,2017,4.372,6.269999981,51.705,7.92E+11,5.44027676,32.375434,65.424,0.850917316,22.02444253
BGD,Bangladesh,2018,4.407,6.389999866,51.419,8.98E+11,5.78181,17.110661,65.346,0.820955198,22.03563712
BGD,Bangladesh,2019,4.441,6.550000191,50.876,9.97E+11,5.49313,24.486523,65.296,0.846411252,22.07619397
BGD,Bangladesh,2020,5.436,7.099999905,51.023,1.10E+12,5.61729,26.437856,64.715,0.836310836,22.235203
BGD,Bangladesh,2021,5.327,6.789999962,51.344,1.25E+12,5.55766,28.117946,65.175,0.814977994,22.42465322
BGD,Bangladesh,2022,4.593,6.789999962,51.49,1.43E+12,6.14964,32.659722,65.313,1.024233847,22.32359428
BGD,Bangladesh,2023,4.454,6.789999962,406.559,1.57E+12,9.02297,,65.366,1.221714755,22.78253388
BGD,Bangladesh,2024,4.68,,378.896,1.67E+12,9.69746,,65.453,1.214621154,
BHR,Bahrain,2015,1.16,9.104999701,,65822385264,1.861993428,,77.005,4.154221842,42.04484432
BHR,Bahrain,2016,1.192,9.319999695,,67525760773,2.795698925,,77.567,3.823163003,41.988794
BHR,Bahrain,2017,1.194,9.590000153,,75332756768,1.359832636,,77.832,5.293145273,41.87161149
BHR,Bahrain,2018,1.2,10.5,1493.311,78150406940,2.063983488,,77.514,0.131482304,41.69818349
BHR,Bahrain,2019,1.223,10.75,1513.017,83979879528,1.011122346,,76.873,-1.294694377,41.55339487
BHR,Bahrain,2020,1.781,11,1512.908,78668739613,-2.302302302,,75.128,-0.781611308,41.34152262
BHR,Bahrain,2021,1.541,11.07499981,1437.489,82671890844,-0.614754098,,75.042,2.161028459,41.58942134
BHR,Bahrain,2022,1.326,11.14999962,1498.207,94039487080,3.608247423,,75.957,1.342219606,41.3947729
BHR,Bahrain,2023,1.154,11.13000011,1558.715,1.01E+11,0.099502488,,76.034,3.376864177,41.11504982
BHR,Bahrain,2024,1.102,,1590.067,1.07E+11,0.89463,,75.825,0.733546811,
BTN,Bhutan,2015,2.45,3.323999977,,7564534468,,,76.632,1.014965724,9.919789664
BTN,Bhutan,2016,2.705,3.69199996,286.921,8430904601,,,76.281,0.973884474,11.28067875
BTN,Bhutan,2017,3.016,4.059999943,277.225,8808682290,,,75.901,0.861274888,12.93684945
BTN,Bhutan,2018,3.35,4.580629311,275.574,9093982076,,,75.512,0.716471131,15.07609316
BTN,Bhutan,2019,2.72,5.170262283,273.418,9873190251,,,79.887,0.664446427,17.84146102
BTN,Bhutan,2020,5.03,5.835794662,269.528,9605861813,,,81.164,0.675256503,15.93146389
BTN,Bhutan,2021,4.803,5.835794662,175.552,10436528612,,,82.341,0.703488234,18.31338051
BTN,Bhutan,2022,5.947,5.835794662,179.48,11763540572,,,73.46,0.703183918,18.21484126
BTN,Bhutan,2023,3.126,5.835794662,179.286,12781872655,,,75.093,0.698146585,18.27563717
BTN,Bhutan,2024,2.856,,179.614,,,,74.745,0.651370665,
CHN,China,2015,4.65,7.532825112,390.246,1.86E+13,1.401021922,1533.86,72.399,0.581456147,30.7168295
CHN,China,2016,4.56,7.627390146,389.711,1.96E+13,1.999349805,1996.668525,71.869,0.573050906,31.26764885
CHN,China,2017,4.47,7.72195518,417.545,2.10E+13,1.593625498,1103.713661,71.267,0.605245013,31.84080891
CHN,China,2018,4.31,7.816520214,420.397,2.29E+13,2.101960784,778.157664,70.673,0.467672053,32.46185914
CHN,China,2019,4.56,7.883260012,440.049,2.48E+13,2.903671839,562.475238,70.208,0.35474089,33.03737788
CHN,China,2020,5,7.949999809,442.902,2.58E+13,2.493281577,572.874196,68.972,0.23804087,33.78789329
CHN,China,2021,4.55,8.036181597,461.022,2.94E+13,0.903131828,734.942766,70.081,0.0892522,34.34442626
CHN,China,2022,4.98,8.036181597,509.394,3.25E+13,2.006640681,1128.682414,68.591,-0.013099501,34.53375776
CHN,China,2023,4.67,8.036181597,529.12,3.55E+13,0.198131899,657.933468,68.694,-0.103794532,34.79825973
CHN,China,2024,4.571,,543.541,3.82E+13,0.2,,68.27,-0.123063407,
CYP,Cyprus,2015,15.026,11.86999989,1211.961,27066559063,,,69.339,1.462131369,24.65941811
CYP,Cyprus,2016,13.006,12.09000015,1289.732,30552082854,,,68.711,1.433705226,25.8966956
CYP,Cyprus,2017,11.155,12.18499994,1291.211,33018000535,,,69.261,1.377808547,25.54150034
CYP,Cyprus,2018,8.504,12.27999973,1297,35607200077,,,69.747,1.30393307,25.18909878
CYP,Cyprus,2019,7.155,12.35999966,1338.123,39790089303,,,70.485,1.246121557,27.70868497
CYP,Cyprus,2020,7.755,12.43999958,1366.857,38672028567,,,69.93,1.203297126,29.77376872
CYP,Cyprus,2021,7.513,12.5573721,1356.047,43923040810,,,70.132,1.149978545,26.62941977
CYP,Cyprus,2022,6.806,12.5573721,1381.602,51062040030,,,71.311,1.061746787,25.03243141
CYP,Cyprus,2023,6.098,12.5573721,1470.28,53042918221,,,71.333,1.016768177,24.07453938
CYP,Cyprus,2024,5.602,,1617.572,57562539071,,,71.131,0.984449687,
GEO,Georgia,2015,16.506,12.71500015,23.457,45707843452,,18.591348,73.791,0.157481405,16.51417045
GEO,Georgia,2016,16.604,12.81000042,22.994,48700949298,,9.363798,73.606,0.059816599,17.41811823
GEO,Georgia,2017,13.939,12.86999989,21.329,51144255244,,13.361773,70.768,0.013386075,20.10240472
GEO,Georgia,2018,12.667,12.84499979,21.314,55979867880,,-2.304438,67.918,-0.039036546,22.34330949
GEO,Georgia,2019,11.565,12.81999969,20.878,62387596154,,7.433787,67.067,-0.17156574,22.23147589
GEO,Georgia,2020,11.73,12.77999973,19.908,62509091761,,-1.63826,67.444,0.068656249,20.52153775
GEO,Georgia,2021,11.791,12.73999977,18.631,70150781358,,1.864697,64.962,-0.379636607,20.69178821
GEO,Georgia,2022,11.647,12.69999981,17.983,83387742354,,3.886568,67.386,0.104889951,20.48812716
GEO,Georgia,2023,11.537,12.69999981,18.268,93154469864,,-2.35318,67.639,0.080264033,20.80713286
GEO,Georgia,2024,11.48,,18.601,1.04E+11,,,67.645,-0.429560043,
IDN,Indonesia,2015,4.514,7.909999847,229.636,2.63E+12,6.360400882,4932.21,72.635,1.122339818,25.92905196
IDN,Indonesia,2016,4.301,7.980000019,249.161,2.72E+12,3.529931023,2275.771461,72.214,1.0744882,25.33844621
IDN,Indonesia,2017,3.783,8.239589691,257.126,2.86E+12,3.807144344,3397.52768,72.568,1.022329398,25.4651945
IDN,Indonesia,2018,4.387,8.159999847,273.576,3.07E+12,3.291214196,3011.288046,73.386,0.96974341,25.71888297
IDN,Indonesia,2019,3.59,8.360000134,291.354,3.27E+12,2.822032566,1725.286259,73.923,0.935604959,26.0232796
IDN,Indonesia,2020,4.255,8.56000042,464.741,3.22E+12,2.031456552,-93.493434,73.071,0.849801187,25.31631784
IDN,Indonesia,2021,3.827,8.6972232,467.594,3.53E+12,1.560902521,-19.68839,71.708,0.704601322,25.64603144
IDN,Indonesia,2022,3.462,8.6972232,518.788,3.98E+12,4.138643247,-181.364176,72.972,0.74605047,25.48018675
IDN,Indonesia,2023,3.308,8.6972232,953.028,4.33E+12,3.7125,88.919379,72.982,0.842666137,25.74478339
IDN,Indonesia,2024,3.3,,992.634,4.66E+12,2.29963,,72.914,0.813871513,
IND,India,2015,7.631,5.690312004,220.692,7.20E+12,4.908147522,,60.529,1.192855634,26.95184379
IND,India,2016,7.601,5.787889957,214.053,7.80E+12,4.524796153,,60.419,1.191629664,27.23803047
IND,India,2017,7.618,6.013944864,227.096,8.35E+12,3.587185881,,60.312,1.162396143,27.47683636
IND,India,2018,7.652,6.239999771,230.864,9.23E+12,3.413580244,,60.195,1.097299067,27.73498745
IND,India,2019,6.51,6.281380177,236.992,9.93E+12,4.769295057,,60.066,1.040013951,27.45969374
IND,India,2020,7.859,6.489999771,234.036,9.77E+12,6.164539649,,59.196,0.973438647,26.06757753
IND,India,2021,6.38,6.529999971,237.712,1.14E+13,5.506064184,,60.242,0.82264822,27.33527625
IND,India,2022,4.822,6.570000172,240.616,1.31E+13,6.653102747,,61.308,0.790200541,29.74852005
IND,India,2023,4.172,6.880000114,237.125,1.48E+13,5.360549411,,62.359,0.88328954,28.50548931
IND,India,2024,4.202,,232.599,1.62E+13,4.5,,63.2,0.890706547,
IRN,"Iran, Islamic Rep.",2015,11.166,10.21500015,,1.13E+12,11.91731342,,46.458,1.361594788,34.47228594
IRN,"Iran, Islamic Rep.",2016,12.618,10.31000042,733.211,1.22E+12,9.034607584,,47.345,1.433485586,33.74286212
IRN,"Iran, Islamic Rep.",2017,12.232,10.41517492,666.861,1.28E+12,9.65,,48.142,1.438704421,33.84876926
IRN,"Iran, Islamic Rep.",2018,12.195,10.52142232,677.257,1.28E+12,31.18285454,,48.23,1.275246569,33.60848059
IRN,"Iran, Islamic Rep.",2019,10.74,10.62875357,632.614,1.16E+12,41.23135107,,47.897,1.078317209,33.38539225
IRN,"Iran, Islamic Rep.",2020,9.687,10.73717974,568.291,1.24E+12,47.11198622,,45.343,0.768757498,34.98574558
IRN,"Iran, Islamic Rep.",2021,9.282,10.84671198,552.986,1.32E+12,46.23734349,,45.027,0.831029237,35.6635225
IRN,"Iran, Islamic Rep.",2022,9.085,10.84671198,416.229,1.47E+12,46.49049748,,44.54,1.201002859,36.40154916
IRN,"Iran, Islamic Rep.",2023,9.041,10.84671198,599.067,1.60E+12,52.27979747,,44.359,1.204081856,36.50746043
IRN,"Iran, Islamic Rep.",2024,9.192,,465.617,1.69E+12,35.4,,44.028,1.052869222,
IRQ,Iraq,2015,10.842,6.597359595,439.598,3.51E+11,-0.503919373,,49.615,2.727109769,30.34123727
IRQ,Iraq,2016,10.82,6.627529739,436.416,3.49E+11,0.458236193,,50.169,2.391512274,31.10544022
IRQ,Iraq,2017,13.02,6.657699882,618.626,4.01E+11,0.184058899,,49.036,2.230550464,29.92597135
IRQ,Iraq,2018,13.49,6.687870026,646.207,4.85E+11,0.383417206,,48.691,2.332357697,29.64666238
IRQ,Iraq,2019,14.109,6.718455358,649.748,5.05E+11,-0.214848413,,48.224,2.275011157,30.19657715
IRQ,Iraq,2020,15.778,6.749180566,653.342,4.45E+11,0.574162679,,46.237,2.219386695,29.93116199
IRQ,Iraq,2021,16.173,6.780046287,608.069,5.48E+11,6.04384713,,45.724,2.241273471,28.53666215
IRQ,Iraq,2022,15.511,6.780046287,625.49,6.34E+11,4.98532628,,47.977,2.293696592,29.95857983
IRQ,Iraq,2023,15.447,6.780046287,624.039,6.60E+11,4.415639912,,47.828,2.251488908,29.60248678
IRQ,Iraq,2024,15.524,,732.524,6.66E+11,2.5,,47.707,2.124767849,
ISR,Israel,2015,5.176,12.96000004,1021.206,3.01E+11,,19,69.211,1.981288976,26.01650697
ISR,Israel,2016,4.723,13.05404318,1123.485,3.26E+11,,-0.984373,69.437,1.960348962,25.66269469
ISR,Israel,2017,4.14,13.14876875,1246.366,3.44E+11,,33.204817,69.298,1.938725674,25.52738889
ISR,Israel,2018,3.917,13.24418168,1267.278,3.57E+11,,12.795316,69.561,1.926622865,25.48888724
ISR,Israel,2019,3.731,13.34028697,1249.286,3.74E+11,,,69.342,1.90898264,24.5014734
ISR,Israel,2020,4.169,13.43708963,1258.519,3.77E+11,,,68.345,1.763679392,23.75340126
ISR,Israel,2021,4.812,13.53459474,1309.277,4.33E+11,,7.274055,68.026,1.681905517,23.79812705
ISR,Israel,2022,3.695,13.53459474,1430.742,5.12E+11,,,69.406,1.966368848,23.22737961
ISR,Israel,2023,3.596,13.53459474,1485.111,5.26E+11,,,69.824,3.00437406,23.19079327
ISR,Israel,2024,3.15,,1582.856,5.55E+11,,,70.018,1.26518834,
JOR,Jordan,2015,13.075,10.37688528,512.398,85588348124,-0.87685136,,41.349,8.217983292,23.51304112
JOR,Jordan,2016,15.275,10.5302624,521.587,87534483836,-0.778430463,,43.097,4.723252544,23.11261498
JOR,Jordan,2017,18.12,10.68363953,652.699,94825378274,3.323894476,,44.851,2.2516003,22.92572955
JOR,Jordan,2018,18.257,10.35000038,638.186,94604332953,4.462311085,,44.353,2.204129984,22.27300852
JOR,Jordan,2019,16.801,10.4000001,643.51,1.01E+11,0.761514047,,44.563,1.983438225,20.52132086
JOR,Jordan,2020,19.213,10.44999981,646.974,1.04E+11,0.333294351,,45.728,1.795432282,19.71304221
JOR,Jordan,2021,19.837,10.3799998,755.57,1.02E+11,1.346093772,,44.201,1.834191627,20.48216498
JOR,Jordan,2022,18.2,10.30999978,782.926,1.12E+11,4.229155689,,43.878,1.701517028,20.40441788
JOR,Jordan,2023,17.969,10.23999977,798.506,1.19E+11,2.078994339,,43.852,1.612250502,20.45760982
JOR,Jordan,2024,17.996,,809.458,1.25E+11,1.56248,,43.823,0.988722042,
JPN,Japan,2015,3.385,12.5999999,1269.424,5.20E+12,,10.614898,61.502,-0.106124994,33.17954257
JPN,Japan,2016,3.132,12.61399994,1241.23,5.16E+12,,-3.049962,61.825,-0.051137415,32.9129191
JPN,Japan,2017,2.822,12.62799997,1267.308,5.26E+12,,11.57683,62.367,-0.081874296,33.00687578
JPN,Japan,2018,2.467,12.64200001,1325.184,5.34E+12,,44.84905,63.154,-0.126880068,32.68259702
JPN,Japan,2019,2.351,12.65600004,1345.648,5.40E+12,,11.338159,63.576,-0.140464978,32.57270339
JPN,Japan,2020,2.809,12.67000008,1383.735,5.36E+12,,12.250901,63.565,-0.294194618,32.35756116
JPN,Japan,2021,2.828,12.68404671,1472.894,5.57E+12,,11.642405,63.717,-0.459952416,32.1664266
JPN,Japan,2022,2.6,12.68404671,1616.07,5.93E+12,,34.086764,64.154,-0.443851919,31.65637768
JPN,Japan,2023,2.6,12.68404671,1708.562,6.21E+12,,23.889284,64.456,-0.487370782,31.92072527
JPN,Japan,2024,2.563,,1805.801,6.41E+12,,,64.729,-0.435651699,
KAZ,Kazakhstan,2015,4.93,11.99777031,203.992,4.07E+11,6.646190061,71.48735,79.879,1.492398798,29.34792835
KAZ,Kazakhstan,2016,4.96,12.06851355,196.792,4.23E+11,14.57517974,68.119055,79.564,1.533352974,29.35497228
KAZ,Kazakhstan,2017,4.9,12.1392568,194.86,4.47E+11,7.616672251,28.042295,79.434,1.55792352,29.46177712
KAZ,Kazakhstan,2018,4.85,12.21000004,215.62,4.75E+11,5.3,14.770561,79.345,1.494233229,29.66829419
KAZ,Kazakhstan,2019,4.8,12.32137247,321.983,5.51E+11,5.4,18.430945,79.305,1.45157996,29.67383445
KAZ,Kazakhstan,2020,4.89,12.43376078,310.857,5.66E+11,7.5,4.181686,77.567,1.408915638,29.96898415
KAZ,Kazakhstan,2021,5.546,12.54717423,298.537,6.50E+11,8.513405017,2.198092,78.411,1.333257227,30.47258574
KAZ,Kazakhstan,2022,4.86,12.54717423,395.724,7.19E+11,20.25098742,20.966906,78.432,1.46316879,30.6156416
KAZ,Kazakhstan,2023,4.821,12.54717423,418.986,7.83E+11,9.768894147,-30.532654,78.158,1.464151517,30.80262806
KAZ,Kazakhstan,2024,4.794,,481.236,8.40E+11,8.63117,,77.649,1.282763646,
KGZ,Kyrgyz Republic,2015,3.338,11.45768642,47.767,25086544784,6.503290613,,72.129,2.246692574,30.096634
KGZ,Kyrgyz Republic,2016,3.474,11.55730089,54.347,28429771863,0.38884,0.10227,71.901,2.215364566,30.70101945
KGZ,Kyrgyz Republic,2017,3.57,11.65691535,62.036,31241590663,3.17531,-0.568458,70.463,2.104830825,30.22379385
KGZ,Kyrgyz Republic,2018,3.67,11.75652981,81.032,30789434120,1.5,2.014114,70.896,2.15497986,30.00766965
KGZ,Kyrgyz Republic,2019,4.295,11.8587579,82.945,34955978965,1.1,-2.142876,71.59,2.242364151,33.57425646
KGZ,Kyrgyz Republic,2020,4.63,11.96187492,86.113,34834094213,6.282,-14.733005,71.032,2.048385454,32.29167122
KGZ,Kyrgyz Republic,2021,4.096,12.06588858,76.246,39301901464,11.9,-0.969398,71.297,1.835810169,33.38660711
KGZ,Kyrgyz Republic,2022,4.043,12.06588858,91.115,45879594489,13.90484,193.224398,71.898,1.793654599,33.26805635
KGZ,Kyrgyz Republic,2023,3.991,12.06588858,85.655,51814586970,10.79901,,72.202,1.769570373,33.59695786
KGZ,Kyrgyz Republic,2024,3.289,,,57864889798,5.02051,,72.321,1.705407304,
KHM,Cambodia,2015,0.393,3.670000076,0.084,69267932041,1.2,247.824539,82.736,1.46023763,25.44760566
KHM,Cambodia,2016,0.716,3.952092528,0.091,75271078913,2.999999997,228.388328,85.127,1.458607676,26.98502979
KHM,Cambodia,2017,0.141,4.23418498,0.098,81171550322,2.9,217.975808,84.988,1.381765961,26.39630475
KHM,Cambodia,2018,0.13,4.516277432,0.108,91413678746,2.500000002,208.747563,85.545,1.243682774,26.07723522
KHM,Cambodia,2019,0.119,4.798369884,0.116,1.01E+11,1.900000002,186.235024,86.135,1.26258301,25.82600246
KHM,Cambodia,2020,0.172,4.997735023,0.12,99390356591,2.9,167.045576,85.893,1.470629886,26.88587062
KHM,Cambodia,2021,0.396,5.197100163,0.122,1.06E+11,2.8,128.288941,83.552,1.476778362,29.08133034
KHM,Cambodia,2022,0.231,5.197100163,0.126,1.19E+11,5.5,95.328993,84.331,1.330888131,29.12610656
KHM,Cambodia,2023,0.225,5.197100163,0.132,1.29E+11,2.1,95.815236,84.39,1.283206776,29.66270532
KHM,Cambodia,2024,0.27,,0.137,1.41E+11,2.2,,84.44,1.225939863,
KWT,Kuwait,2015,2.2,7.070000172,,1.74E+11,3.271624439,,79.742,4.4991022,31.93794959
KWT,Kuwait,2016,2.16,7.130000114,,1.68E+11,3.19850528,,80.098,4.325949068,31.61790882
KWT,Kuwait,2017,2.227,7.190000057,393.075,1.93E+11,2.171981347,,80.598,3.69493434,31.43588768
KWT,Kuwait,2018,2.204,7.21999979,402.951,2.22E+11,0.570262003,,80.764,3.980154823,31.16250032
KWT,Kuwait,2019,2.251,7.333540674,399.915,2.25E+11,1.100003559,,80.657,2.710713324,30.61951131
KWT,Kuwait,2020,3.557,7.448867088,387.659,1.82E+11,2.100071207,,75.754,-0.951064117,30.54283683
KWT,Kuwait,2021,3.002,7.566007112,390.896,2.21E+11,3.400051934,,77.335,-0.899478872,31.01004239
KWT,Kuwait,2022,2.174,7.566007112,406.017,2.53E+11,4,,81.868,5.113181109,30.73737337
KWT,Kuwait,2023,2.127,7.566007112,407.874,2.57E+11,3.6,,81.43,5.588136781,30.13489932
KWT,Kuwait,2024,2.144,,408.077,2.57E+11,2.9997,,81.256,0.899286655,
LAO,Lao PDR,2015,2.494,5.478619371,275.315,41395269251,1.277358307,466.057,64.238,1.458364749,11.07982319
LAO,Lao PDR,2016,2.881,5.572289603,280.354,46586124702,1.596928556,44.003895,64.249,1.563175613,11.28809165
LAO,Lao PDR,2017,3.268,5.665959835,282.422,50122949867,0.825502883,185.078253,64.238,1.570297226,11.54961113
LAO,Lao PDR,2018,2.9,5.759630067,344.059,53366707257,2.040148027,,65.478,1.55377802,10.78148329
LAO,Lao PDR,2019,2.537,5.853300299,341.134,56042601063,3.314740002,,66.704,1.525763046,10.08606217
LAO,Lao PDR,2020,2.361,5.94697053,338.462,58135955846,5.099999996,,67.228,1.493386752,9.534766467
LAO,Lao PDR,2021,2.066,6.06024616,337.397,60225053628,3.8,,68.589,1.441416409,9.209269739
LAO,Lao PDR,2022,1.209,6.06024616,323.307,66265586058,22.70479,,70.396,1.409716701,8.521675797
LAO,Lao PDR,2023,1.188,6.06024616,342.01,71221494500,31.22993,,70.349,1.392376672,8.847097992
LAO,Lao PDR,2024,1.218,,285.954,76049830545,23.3,,70.368,1.35832703,
LBN,Lebanon,2015,9.306,9.734545361,857.102,1.10E+11,-3.724521532,,50.179,1.957695836,27.76783606
LBN,Lebanon,2016,9.786,9.946363536,895.109,1.20E+11,-0.869565217,,50.508,-2.335437494,27.76976778
LBN,Lebanon,2017,10.251,10.15818171,896.686,1.29E+11,4.473684211,,50.891,-2.610571165,27.60038202
LBN,Lebanon,2018,10.745,10.36999989,930.454,1.32E+11,6.076994123,,51.324,-2.898842971,27.26286277
LBN,Lebanon,2019,11.301,10.36999989,902.011,1.26E+11,2.9,,51.8,-3.21837129,26.56788274
LBN,Lebanon,2020,13.284,10.36999989,491.065,92719310021,84.3,,48.272,-1.603862582,26.67613416
LBN,Lebanon,2021,12.669,10.36999989,140.853,66328931530,150,,48.877,0.275364168,26.95882938
LBN,Lebanon,2022,11.6,10.36999989,216.058,70616088355,171.2,,48.854,0.460053063,26.68077038
LBN,Lebanon,2023,11.543,10.36999989,242.321,72600709792,221.3417212,,48.844,0.503630954,26.44602026
LBN,Lebanon,2024,,,343.519,,45.24,,,0.560805065,
LKA,Sri Lanka,2015,4.519,10.5014286,,2.56E+11,0.900000001,,58.903,0.919811027,25.94127068
LKA,Sri Lanka,2016,4.242,10.5,257.201,2.77E+11,3.987899998,,59.145,1.133277498,26.81414661
LKA,Sri Lanka,2017,4.046,10.56999969,243.007,2.92E+11,6.580619999,,59.36,1.143887584,29.0318487
LKA,Sri Lanka,2018,4.318,10.64000034,240.07,3.07E+11,4.270210001,,57.19,1.006431981,28.82166851
LKA,Sri Lanka,2019,4.67,10.63000011,231.577,3.08E+11,4.300000002,,57.651,0.611875946,28.04285613
LKA,Sri Lanka,2020,5.364,10.81999969,203.928,2.84E+11,4.600000003,,55.814,0.53062656,27.7575572
LKA,Sri Lanka,2021,4.981,10.72999954,214.423,3.17E+11,5.95912,,55.631,1.075449957,27.47323249
LKA,Sri Lanka,2022,4.528,10.77000046,154.676,3.15E+11,46.4,,55.725,0.11277264,27.35001472
LKA,Sri Lanka,2023,5.997,10.77000046,138.185,3.19E+11,17.40106,,55.743,-0.65132077,27.28087016
LKA,Sri Lanka,2024,4.996,,200.024,3.43E+11,1.2424,,55.661,-0.550589519,
MMR,Myanmar,2015,0.766,4.734193908,264.441,2.28E+11,,15.43,66.267,0.800670953,18.24498554
MMR,Myanmar,2016,1.058,4.849349976,246.392,2.30E+11,,99.103093,65.78,0.792792539,17.10131046
MMR,Myanmar,2017,1.356,5.359566689,230.728,2.44E+11,,164.883216,65.264,0.772302033,16.04463641
MMR,Myanmar,2018,0.767,5.869783401,299.636,2.92E+11,,,66.235,0.724432843,17.20079249
MMR,Myanmar,2019,0.407,6.380000114,292.058,3.21E+11,,,64.697,0.702425163,16.6008587
MMR,Myanmar,2020,1.476,6.380000114,286.561,3.04E+11,,,64.537,0.711376906,18.87376881
MMR,Myanmar,2021,4.34,6.380000114,249.751,2.76E+11,,,57.373,0.696558039,19.0375243
MMR,Myanmar,2022,3.057,6.380000114,,3.08E+11,,,57.379,0.690074759,18.98285451
MMR,Myanmar,2023,3.032,6.380000114,,3.22E+11,,,57.245,0.698879396,18.95142039
MMR,Myanmar,2024,3.032,,,3.27E+11,,,57.108,0.674364863,
MNG,Mongolia,2015,4.861,10.58003116,233.781,31655860017,6.599999981,4.2,69.347,2.128669517,26.54627925
MNG,Mongolia,2016,7.235,10.6880374,230.17,32468148776,0.699999989,5.589931,67.598,2.027369576,24.4665429
MNG,Mongolia,2017,6.359,10.79604363,267.826,34940501307,4.3,6.076513,68.359,1.925778838,25.34924538
MNG,Mongolia,2018,5.377,10.90404987,259.073,39516811632,6.799999991,3.463086,68.121,1.864801928,26.41791395
MNG,Mongolia,2019,9.269,10.16202497,334.293,44456622358,7.300000021,3.192841,72.016,1.837150731,26.72032788
MNG,Mongolia,2020,6.594,9.420000076,450.343,45560002626,3.700000014,1.422668,69.172,1.805420087,26.30585123
MNG,Mongolia,2021,7.747,9.420000076,438.487,50053145882,7.299999959,3.148124,68.098,1.684959051,28.25807568
MNG,Mongolia,2022,6.211,9.420000076,538.578,56320298556,15.2,0.941846,69.458,1.46704738,29.87074118
MNG,Mongolia,2023,5.503,9.420000076,508.165,62677497751,10.40000001,0.973639,69.029,1.370888669,30.15654816
MNG,Mongolia,2024,5.424,,587.797,67315454532,6.8,,68.651,1.245902995,
MYS,Malaysia,2015,3.1,10.25833321,562.021,7.66E+11,2.104389802,0.04,72.74,1.733194456,32.42667504
MYS,Malaysia,2016,3.44,10.36999989,624.294,8.04E+11,2.075792276,-67.533825,72.343,1.767310548,31.95074644
MYS,Malaysia,2017,3.41,10.46333313,600.526,8.55E+11,3.799392097,42.968032,72.305,1.76466064,31.89756565
MYS,Malaysia,2018,3.3,10.55666637,612.597,9.15E+11,0.969113851,4.945479,72.383,1.701747319,32.0627258
MYS,Malaysia,2019,3.26,10.64999962,681.766,9.68E+11,0.662891866,67.219157,72.021,1.596466533,32.15527799
MYS,Malaysia,2020,4.54,10.79666646,763.405,9.31E+11,-1.138702151,-100.726155,72.281,1.333633231,32.42824929
MYS,Malaysia,2021,4.64,10.94333331,771.734,1.02E+12,2.477102415,165.942995,70.634,1.152513044,32.86606376
MYS,Malaysia,2022,3.93,11.09000015,1007.816,1.19E+12,3.351614869,4.513957,71.69,1.197772001,32.88298271
MYS,Malaysia,2023,3.869,11.09000015,1023.82,1.28E+12,2.51572327,,71.585,1.234028692,32.91917168
MYS,Malaysia,2024,3.826,,1035.034,1.38E+12,1.8341,,71.454,1.22058891,
NPL,Nepal,2015,10.644,3.691063976,268.277,82282973616,7.209863307,,45.083,0.545118125,17.36104814
NPL,Nepal,2016,10.742,3.733829975,261.715,83198953169,9.9525,,45.065,0.472697719,17.42081088
NPL,Nepal,2017,10.66,3.933636665,319.579,1.01E+11,4.441311776,,45.011,0.199389989,17.74485622
NPL,Nepal,2018,10.559,4.133443356,431.597,1.11E+11,4.146498991,,44.948,0.24400028,17.96127781
NPL,Nepal,2019,10.389,4.333250046,413.659,1.21E+11,4.638474885,,44.945,1.183773026,18.159438
NPL,Nepal,2020,12.975,4.418489933,401.694,1.23E+11,6.149506572,,44.174,1.925831066,18.48121725
NPL,Nepal,2021,12.186,4.50372982,443.351,1.34E+11,3.597062549,,44.145,1.740024118,18.56220519
NPL,Nepal,2022,10.844,4.50372982,444.801,1.52E+11,6.346015272,,44.328,0.812385574,18.6383046
NPL,Nepal,2023,10.628,4.50372982,498.644,1.60E+11,7.730764194,,44.187,-0.070095887,18.67539489
NPL,Nepal,2024,10.706,,815.23,1.70E+11,5.43023,,44.044,-0.146800969,
OMN,Oman,2015,3.401,9.699999809,1490.719,1.51E+11,0.043207743,,76.534,4.457768872,41.67599182
OMN,Oman,2016,3.266,10.12999992,1520.622,1.46E+11,1.122916127,,77.115,4.804736532,45.7300522
OMN,Oman,2017,2.522,10.56000004,1507.766,1.53E+11,1.605876826,,77.26,3.282429987,48.39148139
OMN,Oman,2018,1.8,10.99000015,1586.915,1.74E+11,0.882723834,,76.829,1.3241396,51.66732257
OMN,Oman,2019,2.04,11.42000027,1628.981,1.71E+11,0.483333333,,75.87,-0.144431732,49.84932962
OMN,Oman,2020,2.94,11.85000038,1607.308,1.59E+11,-0.398075966,,71.5,-1.508608296,48.13196777
OMN,Oman,2021,1.9,11.87000036,1579.815,1.74E+11,1.673605329,,71.439,-0.489266038,47.18403088
OMN,Oman,2022,3.3,11.89000034,1664.529,2.02E+11,2.497747932,,74.237,4.980136693,44.1597282
OMN,Oman,2023,3.176,11.89000034,1716.724,2.11E+11,0.942793225,,74.443,6.527049885,44.10739815
OMN,Oman,2024,3.161,,1756.93,2.20E+11,0.96565,,74.504,4.497386285,
PAK,Pakistan,2015,3.566,5.146666527,418.256,9.74E+11,4.526395011,,57.823,1.402501136,26.67473483
PAK,Pakistan,2016,2.285,5.133333206,441.116,1.02E+12,2.859493931,,57.29,1.302163938,26.22329233
PAK,Pakistan,2017,3.215,5.119999886,457.358,1.07E+12,4.81,,56.761,1.414099904,26.70766786
PAK,Pakistan,2018,4.083,4.770319939,438.574,1.13E+12,4.684667494,,56.239,1.623714833,27.18606921
PAK,Pakistan,2019,4.83,4.539999962,469.121,1.16E+12,6.799125046,,57.102,1.691871247,27.26255886
PAK,Pakistan,2020,6.127,4.427089449,438.435,1.19E+12,10.7391762,,56.279,1.803751413,27.85930788
PAK,Pakistan,2021,6.338,4.316987038,446.768,1.29E+12,8.899999997,57.253244,56.908,1.886777972,28.51629415
PAK,Pakistan,2022,5.485,4.316987038,529.638,1.44E+12,12.15136883,-91.193838,56.819,1.747997398,28.60513756
PAK,Pakistan,2023,5.408,4.316987038,539.766,1.49E+12,29.17843042,,56.771,1.548804586,28.72557356
PAK,Pakistan,2024,5.472,,570.451,1.58E+12,23.41,,56.821,1.509598763,
PHL,Philippines,2015,3.068,8.664999962,333.293,7.26E+11,0.658513637,0.414,70.291,1.478753843,20.30379213
PHL,Philippines,2016,2.695,8.422500134,346.599,7.88E+11,1.308411219,0.256602,70.575,1.341907095,22.3307822
PHL,Philippines,2017,2.552,8.180000305,342.696,8.41E+11,2.859778599,21.407732,68.116,1.288301867,23.47880278
PHL,Philippines,2018,2.338,8.575000286,353.01,9.15E+11,5.201793722,0.921235,68.264,1.236860333,24.90697276
PHL,Philippines,2019,2.237,8.970000267,353.29,9.89E+11,2.375,0.396011,69.08,1.216155346,25.21625492
PHL,Philippines,2020,2.522,8.890000343,354.328,9.23E+11,2.393162393,0.00991,64.166,1.145514086,24.20009809
PHL,Philippines,2021,3.398,9.433619976,353.414,1.00E+12,3.927180221,0.335455,65.992,0.905660311,25.43897267
PHL,Philippines,2022,2.598,9.977239609,396.514,1.15E+12,5.821158109,3.751274,72.141,0.760479216,25.22829758
PHL,Philippines,2023,2.222,9.977239609,401.244,1.26E+12,5.97803,,72.031,0.810000999,25.3001051
PHL,Philippines,2024,2.153,,400.222,1.37E+12,3.2126,,71.453,0.825602489,
THA,Thailand,2015,0.597,8.183333079,624.064,1.11E+12,-0.898143411,5.32,75.032,0.460976294,26.11881369
THA,Thailand,2016,0.688,8.319999695,625.86,1.18E+12,0.186235191,6.717757,73.858,0.451266063,26.3459785
THA,Thailand,2017,0.83,8.34499979,631.909,1.25E+12,0.66441514,2.567867,72.945,0.42296351,25.37124086
THA,Thailand,2018,0.765,8.369999886,660.936,1.35E+12,1.066834874,21.548993,72.993,0.302929452,25.20739577
THA,Thailand,2019,0.716,8.699999809,669.244,1.43E+12,0.705524802,8.587059,72.087,0.204609852,25.45929837
THA,Thailand,2020,1.099,8.813333193,694.119,1.37E+12,-0.846087519,12.749594,72.101,0.166540795,25.2450788
THA,Thailand,2021,1.215,8.926666578,710.375,1.45E+12,1.231045165,-7.029342,72.022,0.119758275,25.00229963
THA,Thailand,2022,0.94,9.039999962,816.337,1.60E+12,6.075899528,-15.520951,72.167,0.011148545,24.92818947
THA,Thailand,2023,0.733,9.039999962,783.514,1.69E+12,1.229089866,,71.73,-0.045865189,24.79551403
THA,Thailand,2024,0.693,,818.87,1.77E+12,0.39833,,71.23,-0.048021055,
TJK,Tajikistan,2015,11.485,11.34705891,111.233,25719495030,5.779247823,38.7802,49.832,2.557793514,25.57040594
TJK,Tajikistan,2016,11.5,11.38352949,164.503,25833179136,5.944158524,54.233559,49.575,2.533518726,26.24451989
TJK,Tajikistan,2017,11.487,11.42000008,147.917,27412327692,7.31187883,22.453361,48.877,2.454670832,26.63183101
TJK,Tajikistan,2018,11.437,11.3761613,143.957,28565171551,3.870677227,3.227282,48.151,2.407375997,27.11618783
TJK,Tajikistan,2019,11.419,11.33232253,137.769,32973431253,7.756077815,,47.463,2.363856589,27.61976867
TJK,Tajikistan,2020,12.321,11.28848376,133.465,35623586502,8.596094514,15.846601,46.828,2.27553633,28.33546521
TJK,Tajikistan,2021,12.333,11.27094825,124.29,39727222945,8.97311262,,47.289,2.207389221,28.99500312
TJK,Tajikistan,2022,11.634,11.27094825,,45964333259,6.56038,,47.387,2.137285294,29.13511285
TJK,Tajikistan,2023,11.546,11.27094825,,51570629198,3.7,,47.482,2.018120097,29.66585195
TJK,Tajikistan,2024,11.635,,,57254340774,3.4,,47.329,1.917323179,
TKM,Turkmenistan,2015,4.016,10.82452965,343.705,79032357701,,,54.914,2.286103859,37.90297874
TKM,Turkmenistan,2016,4.031,10.8880372,382.825,82167730669,,,54.617,2.294521278,38.51397138
TKM,Turkmenistan,2017,4.044,10.95154476,412.146,86403378534,,,54.309,2.285307112,39.11134117
TKM,Turkmenistan,2018,4.044,11.01505232,443.457,95629644638,,,53.99,2.255929155,39.7082089
TKM,Turkmenistan,2019,4.043,11.07855988,513.526,1.05E+11,,,53.663,2.205525751,40.27926463
TKM,Turkmenistan,2020,4.501,11.14299353,583.742,1.05E+11,,,52.157,2.122655358,40.63523111
TKM,Turkmenistan,2021,4.459,11.20780193,608.719,1.17E+11,,,52,2.024445374,41.05414372
TKM,Turkmenistan,2022,4.109,11.20780193,,1.33E+11,,,52.806,1.929227878,41.15576952
TKM,Turkmenistan,2023,4.099,11.20780193,,1.46E+11,,,52.622,1.839701,41.59641063
TKM,Turkmenistan,2024,4.304,,,1.53E+11,,,52.482,1.750641118,
TLS,Timor-Leste,2015,3.678,5.275200049,250.33,3745031233,0.646148611,,81.036,1.946242341,14.16733608
TLS,Timor-Leste,2016,4.657,5.260240078,274.594,4164913919,-1.469842879,,80.968,1.905259439,16.35420582
TLS,Timor-Leste,2017,4.248,5.44069493,298.065,4334794317,0.522976677,,80.989,1.886415497,15.66122597
TLS,Timor-Leste,2018,3.778,5.627340364,286.026,4544057140,2.294243074,,81.008,1.919302866,15.16833058
TLS,Timor-Leste,2019,3.097,5.820388753,276.574,5927904535,0.892112726,,80.821,1.939287072,15.55668478
TLS,Timor-Leste,2020,2.782,6.020059751,266.989,8131467056,0.487563005,,80.085,1.911593734,15.0963511
TLS,Timor-Leste,2021,2.344,6.226580551,258.11,9214418303,3.774671053,,79.821,1.800068931,15.02457474
TLS,Timor-Leste,2022,1.537,6.226580551,260.516,7843625022,7.005309457,,80.941,1.408845874,14.08434747
TLS,Timor-Leste,2023,1.521,6.226580551,250.174,6653072514,8.420351033,,80.91,1.08884744,14.56095991
TLS,Timor-Leste,2024,1.603,,252.348,6664784682,2.06284,,80.923,1.174336386,
UZB,Uzbekistan,2015,5.15,11.35999966,105.15,2.09E+11,8.464479403,,64.064,1.726570034,33.96658497
UZB,Uzbekistan,2016,5.16,11.67000008,101.354,2.16E+11,7.982429971,8.543878,63.656,1.725621509,34.11195575
UZB,Uzbekistan,2017,5.83,11.72000027,98.441,2.49E+11,12.54570017,1.289779,63.321,1.694424895,34.19515383
UZB,Uzbekistan,2018,5.389,11.77000046,93.254,2.63E+11,17.4999999,53.317612,62.904,1.727068824,34.119525
UZB,Uzbekistan,2019,4.932,11.89999962,288.786,2.82E+11,14.50000008,,62.488,1.809744429,34.02258718
UZB,Uzbekistan,2020,5.293,11.88999987,287.981,2.84E+11,12.89999998,,61.185,1.868306716,34.24630399
UZB,Uzbekistan,2021,5.364,11.88000011,282.806,3.17E+11,10.8,,61.762,1.938209992,35.0835522
UZB,Uzbekistan,2022,4.49,11.90999985,306.742,3.60E+11,11.4,,61.674,2.009990647,35.0611279
UZB,Uzbekistan,2023,4.46,11.90999985,331.491,3.96E+11,10,,61.681,2.02114614,35.25236365
UZB,Uzbekistan,2024,4.488,,311.296,4.32E+11,9.6,,61.403,1.970653837,
VNM,Vietnam,2015,1.848,8.04,340,7.12E+11,0.633307815,258.01,82.755,1.239754031,26.05316292
VNM,Vietnam,2016,1.848,8.123,389.3,7.87E+11,2.65560166,132.539164,82.452,1.259883665,28.60829218
VNM,Vietnam,2017,1.874,8.205,415.5,8.73E+11,3.53004581,178.155513,82.375,1.244204736,29.56532577
VNM,Vietnam,2018,1.161,8.288,436.6,9.63E+11,3.533315981,170.874746,82.68,1.107913952,30.35338035
VNM,Vietnam,2019,1.681,8.37,459.3,1.07E+12,2.79680724,98.035751,80.929,0.968366699,32.7538739
VNM,Vietnam,2020,2.103,8.455,481.9,1.14E+12,3.222059183,213.694169,79.05,0.927434296,34.99476641
VNM,Vietnam,2021,2.385,8.455,489.3,1.19E+12,1.835650655,,79.674,0.868883561,36.71794803
VNM,Vietnam,2022,1.523,8.455,543,1.39E+12,3.149530002,,80.95,0.750756665,34.44918099
VNM,Vietnam,2023,1.645,,657.8,1.51E+12,3.2,,80.617,0.671429251,34.9630136
VNM,Vietnam,2024,1.431,,692.7,1.65E+12,3.5,,80.2,0.631267006,
